supervoxel_id	root_id	pos_x	pos_y	pos_z	soma_x	soma_y	soma_z	nucleus_id	flow	super_class	cell_class	cell_sub_class	cell_type	hemibrain_type	ito_lee_hemilineage	hartenstein_hemilineage	morphology_group	top_nt	top_nt_conf	known_nt	known_nt_source	side	nerve	vfb_id	fbbt_id	status
76353523876947783	720575940618002644	83464	57024	4025	83464.0	57024.0	4025.0	1850363.0	intrinsic	visual_projection				LC4				acetylcholine	0.5835598448005004	acetylcholine	Davis et al., 2020	left		fw001153	FBbt_00003874	
76423892687654219	720575940626916936	84704	57080	4122	84704.0	57080.0	4122.0	1850972.0	intrinsic	visual_projection				LC4				acetylcholine	0.6268629248257755	acetylcholine	Davis et al., 2020	left		fw001154	FBbt_00003874	
76705917353296591	720575940632769180	88384	65888	3724	88384.0	65888.0	3724.0	1894817.0	intrinsic	visual_projection				LC4				acetylcholine	0.6104038909435661	acetylcholine	Davis et al., 2020	left		fw001160	FBbt_00003874	
76423617809826451	720575940630484495	84120	53712	4123	84120.0	53712.0	4123.0	1850730.0	intrinsic	visual_projection				LC4				acetylcholine	0.6838924296275382	acetylcholine	Davis et al., 2020	left		fw001186	FBbt_00003874	
76353455157603072	720575940612518055	83864	56296	4097	83864.0	56296.0	4097.0	1850536.0	intrinsic	visual_projection				LC4				acetylcholine	0.5856059593127513	acetylcholine	Davis et al., 2020	left		fw001187	FBbt_00003874	
76353248999112117	720575940634517856	83448	53256	4086	83448.0	53256.0	4086.0	1850369.0	intrinsic	visual_projection				LC4				acetylcholine	0.6551156219521345	acetylcholine	Davis et al., 2020	left		fw001191	FBbt_00003874	
76353317718579489	720575940633580384	83016	54128	4065	83016.0	54128.0	4065.0	1849752.0	intrinsic	visual_projection				LC4				acetylcholine	0.5069861288695127	acetylcholine	Davis et al., 2020	left		fw001194	FBbt_00003874	
77128129885353163	720575940649229433	94688	65928	4145	94688.0	65928.0	4145.0	2109896.0	intrinsic	visual_projection				LC4				acetylcholine	0.6326982674850014	acetylcholine	Davis et al., 2020	left		fw001236	FBbt_00003874	
76917023586091083	720575940630998339	91800	65856	3924	91800.0	65856.0	3924.0	2109368.0	intrinsic	visual_projection				LC4				acetylcholine	0.6004082383861999	acetylcholine	Davis et al., 2020	left		fw001237	FBbt_00003874	
76987323610975528	720575940618723749	92160	65096	4081	92160.0	65096.0	4081.0	2109371.0	intrinsic	visual_projection				LC4				acetylcholine	0.5410937845538862	acetylcholine	Davis et al., 2020	left		fw001250	FBbt_00003874	
82335760417643876	720575940616066705	170608	71104	3109	170608.0	71104.0	3109.0	7137011.0	intrinsic	visual_projection				LC4				acetylcholine	0.6232687511947032	acetylcholine	Davis et al., 2020	right		fw002349	FBbt_00003874	
82194954209812536	720575940615232217	168416	69952	3109	168416.0	69952.0	3109.0	7136717.0	intrinsic	visual_projection				LC4				acetylcholine	0.6520964393898956	acetylcholine	Davis et al., 2020	right		fw003573	FBbt_00003874	
77198567282441114	720575940630851036	95264	66568	4067	95264.0	66568.0	4067.0	2123384.0	intrinsic	visual_projection				LC4				acetylcholine	0.6152458906933427	acetylcholine	Davis et al., 2020	left		fw003988	FBbt_00003874	
82476497839509169	720575940631032657	172384	70464	3049	172384.0	70464.0	3049.0	7437187.0	intrinsic	visual_projection				LC4				acetylcholine	0.5601455550287946	acetylcholine	Davis et al., 2020	right		fw004169	FBbt_00003874	
82195160368224913	720575940633013355	168008	73160	3097	168008.0	73160.0	3097.0	7136589.0	intrinsic	visual_projection				LC4				acetylcholine	0.5739873605923514	acetylcholine	Davis et al., 2020	right		fw004992	FBbt_00003874	
77128129885416310	720575940615462587	94856	65304	4212	94856.0	65304.0	4212.0	2109895.0	intrinsic	visual_projection				LC4				acetylcholine	0.5619640237118932	acetylcholine	Davis et al., 2020	left		fw005084	FBbt_00003874	
82406060442293982	720575940621145821	171544	70152	3097	171544.0	70152.0	3097.0	7137130.0	intrinsic	visual_projection				LC4				acetylcholine	0.6373449092754252	acetylcholine	Davis et al., 2020	right		fw005229	FBbt_00003874	
77409604862635575	720575940613256863	98872	65344	4580	98872.0	65344.0	4580.0	2537051.0	intrinsic	visual_projection				LC4				acetylcholine	0.5962822689152933	acetylcholine	Davis et al., 2020	left		fw005726	FBbt_00003874	
77128129818834835	720575940617266722	95016	65520	4086	95016.0	65520.0	4086.0	2109512.0	intrinsic	visual_projection				LC4				acetylcholine	0.5830274217962489	acetylcholine	Davis et al., 2020	left		fw006013	FBbt_00003874	
77198567282466611	720575940626605200	96056	66816	4082	96056.0	66816.0	4082.0	2123801.0	intrinsic	visual_projection				LC4				acetylcholine	0.5912210969696529	acetylcholine	Davis et al., 2020	left		fw006250	FBbt_00003874	
82405991656419944	720575940628419527	171144	68880	3058	171144.0	68880.0	3058.0	7137050.0	intrinsic	visual_projection				LC4				acetylcholine	0.6270646276336582	acetylcholine	Davis et al., 2020	right		fw007240	FBbt_00003874	
77198498629621968	720575940624017251	95664	65416	4227	95664.0	65416.0	4227.0	2109957.0	intrinsic	visual_projection				LC4				acetylcholine	0.5373659637666931	acetylcholine	Davis et al., 2020	left		fw007275	FBbt_00003874	
76705917353400972	720575940622939836	88840	65632	3803	88840.0	65632.0	3803.0	1894854.0	intrinsic	visual_projection				LC4				acetylcholine	0.6263759352816992	acetylcholine	Davis et al., 2020	left		fw007591	FBbt_00003874	
76917023586169248	720575940617176321	91952	65432	3990	91952.0	65432.0	3990.0	2109362.0	intrinsic	visual_projection				LC4				acetylcholine	0.5131245927081787	acetylcholine	Davis et al., 2020	left		fw007934	FBbt_00003874	
82265460326499684	720575940628518400	169368	72224	3082	169368.0	72224.0	3082.0	7136816.0	intrinsic	visual_projection				LC4				acetylcholine	0.6472406036380386	acetylcholine	Davis et al., 2020	right		fw008245	FBbt_00003874	
82195229021215994	720575940612498129	168680	73680	3030	168680.0	73680.0	3030.0	7136716.0	intrinsic	visual_projection				LC4				acetylcholine	0.5708245978004789	acetylcholine	Davis et al., 2020	right		fw008822	FBbt_00003874	
76635548542515896	720575940624111763	87032	65536	3569	87032.0	65536.0	3569.0	1894670.0	intrinsic	visual_projection				LC4				acetylcholine	0.5792923887640562	acetylcholine	Davis et al., 2020	left		fw009400	FBbt_00003874	
82335691631717162	720575940639817947	170296	69392	3068	170296.0	69392.0	3068.0	7136909.0	intrinsic	visual_projection				LC4				acetylcholine	0.6205130221966074	acetylcholine	Davis et al., 2020	right		fw009418	FBbt_00003874	
82335760351209657	720575940625932421	170576	70512	3071	170576.0	70512.0	3071.0	7136949.0	intrinsic	visual_projection				LC4				acetylcholine	0.6284955002155974	acetylcholine	Davis et al., 2020	right		fw009527	FBbt_00003874	
77409536143113930	720575940625038090	98304	64248	4554	98304.0	64248.0	4554.0	2110642.0	intrinsic	visual_projection				LC4				acetylcholine	0.5749044168548242	acetylcholine	Davis et al., 2020	left		fw009680	FBbt_00003874	
82195091582257323	720575940632715234	167912	72264	3037	167912.0	72264.0	3037.0	7136573.0	intrinsic	visual_projection				LC4				acetylcholine	0.5853316182451903	acetylcholine	Davis et al., 2020	right		fw009737	FBbt_00003874	
76494055273567401	720575940610522009	85008	54488	4188	85008.0	54488.0	4188.0	1852521.0	intrinsic	visual_projection				LC4				acetylcholine	0.6014026665803216	acetylcholine	Davis et al., 2020	left		fw003036	FBbt_00003874	
76775805128558559	720575940616713355	89892	58206	4493	82704.0	53032.0	4038.0	1849372.0	intrinsic	visual_projection				LC4				acetylcholine	0.5549588249642996	acetylcholine	Davis et al., 2020	left		fw011512	FBbt_00003874	
76423686529351606	720575940629753807	84216	54120	4175	84216.0	54120.0	4175.0	1852112.0	intrinsic	visual_projection				LC4				acetylcholine	0.5305569620992916	acetylcholine	Davis et al., 2020	left		fw012231	FBbt_00003874	
76283086413152630	720575940627519107	82440	56736	3908	82440.0	56736.0	3908.0	1848895.0	intrinsic	visual_projection				LC4				acetylcholine	0.5762975340012252	acetylcholine	Davis et al., 2020	left		fw012922	FBbt_00003874	
76917092305477754	720575940622531767	92064	66448	3846	92064.0	66448.0	3846.0	2122264.0	intrinsic	visual_projection				LC4				acetylcholine	0.506449201960657	acetylcholine	Davis et al., 2020	left		fw013996	FBbt_00003874	
76353798754381932	720575940638456227	83688	61328	3644	83688.0	61328.0	3644.0	1893403.0	intrinsic	visual_projection				LC4				acetylcholine	0.5585483468093978	acetylcholine	Davis et al., 2020	left		fw014240	FBbt_00003874	
82124585465860934	720575940636957006	167616	69296	3289	167616.0	69296.0	3289.0	7137991.0	intrinsic	visual_projection				LC4				acetylcholine	0.670872992740332	acetylcholine	Davis et al., 2020	right		fw014273	FBbt_00003874	
82195022929440684	720575940622330582	168416	70344	3221	168416.0	70344.0	3221.0	7138118.0	intrinsic	visual_projection				LC4				acetylcholine	0.6116132203512162	acetylcholine	Davis et al., 2020	right		fw014429	FBbt_00003874	
76282948974297663	720575940620903551	82536	54240	3991	82536.0	54240.0	3991.0	1849159.0	intrinsic	visual_projection				LC4				acetylcholine	0.5467347223190137	acetylcholine	Davis et al., 2020	left		fw014459	FBbt_00003874	
82054354160607730	720575940618266459	166624	71944	3264	166624.0	71944.0	3264.0	7137774.0	intrinsic	visual_projection				LC4				acetylcholine	0.6328988598690284	acetylcholine	Davis et al., 2020	right		fw014480	FBbt_00003874	
76494123993069189	720575940617026260	85712	55048	4216	85712.0	55048.0	4216.0	1852817.0	intrinsic	visual_projection				LC4				acetylcholine	0.5056471510028838	acetylcholine	Davis et al., 2020	left		fw014671	FBbt_00003874	
76494192712480278	720575940615127227	85184	56000	4171	85184.0	56000.0	4171.0	1852575.0	intrinsic	visual_projection				LC4				acetylcholine	0.6014447646261821	acetylcholine	Davis et al., 2020	left		fw015288	FBbt_00003874	
76917161025073223	720575940605598892	91488	67288	3935	91488.0	67288.0	3935.0	2121900.0	intrinsic	visual_projection				LC4				acetylcholine	0.541191619409766	acetylcholine	Davis et al., 2020	left		fw015565	FBbt_00003874	
82827516993489110	720575940620314221	177288	58632	3363	177288.0	58632.0	3363.0	7416371.0	intrinsic	visual_projection				LC4				acetylcholine	0.47864517713794236	acetylcholine	Davis et al., 2020	right		fw015658	FBbt_00003874	
82265322954059984	720575940621522458	169512	69856	3170	169512.0	69856.0	3170.0	7138259.0	intrinsic	visual_projection				LC4				acetylcholine	0.6142518036569962	acetylcholine	Davis et al., 2020	right		fw015673	FBbt_00003874	
82124516746505375	720575940612093351	167616	68440	3363	167616.0	68440.0	3363.0	7137995.0	intrinsic	visual_projection				LC4				acetylcholine	0.6966614137516078	acetylcholine	Davis et al., 2020	right		fw015847	FBbt_00003874	
76987461049760789	720575940612580977	92328	67040	3937	92328.0	67040.0	3937.0	2122420.0	intrinsic	visual_projection				LC4				acetylcholine	0.5394241131951015	acetylcholine	Davis et al., 2020	left		fw016046	FBbt_00003874	
82617029168999742	720575940618234704	174656	67760	2741	174656.0	67760.0	2741.0	7437802.0	intrinsic	visual_projection				LC4				acetylcholine	0.6116270482683244	acetylcholine	Davis et al., 2020	right		fw016082	FBbt_00003874	
82546454333714238	720575940624856762	173992	64128	3398	173992.0	64128.0	3398.0	7415989.0	intrinsic	visual_projection				LC4				acetylcholine	0.6500028351365872	acetylcholine	Davis et al., 2020	right		fw016252	FBbt_00003874	
82124654185428318	720575940628599895	166944	70368	3332	166944.0	70368.0	3332.0	7137890.0	intrinsic	visual_projection				LC4				acetylcholine	0.5766362143419905	acetylcholine	Davis et al., 2020	right		fw016357	FBbt_00003874	
82265391673588417	720575940614582946	169456	71232	3191	169456.0	71232.0	3191.0	7138255.0	intrinsic	visual_projection				LC4				acetylcholine	0.6691109543646591	acetylcholine	Davis et al., 2020	right		fw016528	FBbt_00003874	
82265391673617331	720575940612323025	169624	70376	3200	169624.0	70376.0	3200.0	7138270.0	intrinsic	visual_projection				LC4				acetylcholine	0.6146961885617777	acetylcholine	Davis et al., 2020	right		fw016621	FBbt_00003874	
76564561456701160	720575940628699560	86208	56664	4204	86208.0	56664.0	4204.0	1852972.0	intrinsic	visual_projection				LC4				acetylcholine	0.5562240272872647	acetylcholine	Davis et al., 2020	left		fw016738	FBbt_00003874	
77198567282321152	720575940628454522	95320	66656	3975	95320.0	66656.0	3975.0	2123401.0	intrinsic	visual_projection				LC4				acetylcholine	0.5936377829701406	acetylcholine	Davis et al., 2020	left		fw016890	FBbt_00003874	
82195091648814600	720575940626553596	168800	71376	3149	168800.0	71376.0	3149.0	7138191.0	intrinsic	visual_projection				LC4				acetylcholine	0.6101868570055267	acetylcholine	Davis et al., 2020	right		fw016967	FBbt_00003874	
77198498629565877	720575940625934973	95528	66000	4177	95528.0	66000.0	4177.0	2124940.0	intrinsic	visual_projection				LC4				acetylcholine	0.5382800336561002	acetylcholine	Davis et al., 2020	left		fw017191	FBbt_00003874	
82265391673496381	720575940632475449	169240	70752	3126	169240.0	70752.0	3126.0	7138236.0	intrinsic	visual_projection				LC4				acetylcholine	0.6824870505121483	acetylcholine	Davis et al., 2020	right		fw017442	FBbt_00003874	
82124791624190736	720575940641213824	167592	72720	3187	167592.0	72720.0	3187.0	7137980.0	intrinsic	visual_projection				LC4				acetylcholine	0.6436635435549436	acetylcholine	Davis et al., 2020	right		fw017444	FBbt_00003874	
76846723561264930	720575940613260959	91016	67136	3819	91016.0	67136.0	3819.0	2121681.0	intrinsic	visual_projection				LC4				acetylcholine	0.656003414128343	acetylcholine	Davis et al., 2020	left		fw017453	FBbt_00003874	
82124654185301736	720575940628606713	167000	71216	3252	167000.0	71216.0	3252.0	7137899.0	intrinsic	visual_projection				LC4				acetylcholine	0.5968646831448027	acetylcholine	Davis et al., 2020	right		fw017585	FBbt_00003874	
82195091648979241	720575940625845447	167992	71472	3270	167992.0	71472.0	3270.0	7138036.0	intrinsic	visual_projection				LC4				acetylcholine	0.6071134880613442	acetylcholine	Davis et al., 2020	right		fw017949	FBbt_00003874	
82897954456935437	720575940625906702	179032	59976	3193	179032.0	59976.0	3193.0	7416494.0	intrinsic	visual_projection				LC4				acetylcholine	0.6203882423531925	acetylcholine	Davis et al., 2020	right		fw017951	FBbt_00003874	
76917092305380767	720575940620795728	91320	66480	3763	91320.0	66480.0	3763.0	2121858.0	intrinsic	visual_projection				LC4				acetylcholine	0.6169415525969965	acetylcholine	Davis et al., 2020	left		fw018154	FBbt_00003874	
82124448027076315	720575940613638041	167176	67856	3434	167176.0	67856.0	3434.0	7137929.0	intrinsic	visual_projection				LC4				acetylcholine	0.6072068060405593	acetylcholine	Davis et al., 2020	right		fw018159	FBbt_00003874	
77268729934937684	720575940614914107	96176	63864	4289	96176.0	63864.0	4289.0	2109988.0	intrinsic	visual_projection				LC4				acetylcholine	0.5909182510118784	acetylcholine	Davis et al., 2020	left		fw018251	FBbt_00003874	
82757216968860126	720575940620731380	176336	59344	3397	176336.0	59344.0	3397.0	7416249.0	intrinsic	visual_projection				LC4				acetylcholine	0.4638199069048779	acetylcholine	Davis et al., 2020	right		fw018339	FBbt_00003874	
77057829794088023	720575940638496720	93656	66336	4055	93656.0	66336.0	4055.0	2122783.0	intrinsic	visual_projection				LC4				acetylcholine	0.6227959599756708	acetylcholine	Davis et al., 2020	left		fw018401	FBbt_00003874	
76987461049855385	720575940631338271	92608	66304	4001	92608.0	66304.0	4001.0	2122498.0	intrinsic	visual_projection				LC4				acetylcholine	0.5593393128973626	acetylcholine	Davis et al., 2020	left		fw018449	FBbt_00003874	
82265391673658040	720575940617348379	168888	70728	3250	168888.0	70728.0	3250.0	7138199.0	intrinsic	visual_projection				LC4				acetylcholine	0.6434318170381085	acetylcholine	Davis et al., 2020	right		fw018542	FBbt_00003874	
82195091648900493	720575940613609484	168360	71912	3209	168360.0	71912.0	3209.0	7138098.0	intrinsic	visual_projection				LC4				acetylcholine	0.5494665663565431	acetylcholine	Davis et al., 2020	right		fw018744	FBbt_00003874	
82194954210066832	720575940652611745	168160	69704	3304	168160.0	69704.0	3304.0	7138072.0	intrinsic	visual_projection				LC4				acetylcholine	0.6646858635042873	acetylcholine	Davis et al., 2020	right		fw018787	FBbt_00003874	
82124722904633838	720575940633218863	167440	71864	3147	167440.0	71864.0	3147.0	7137962.0	intrinsic	visual_projection				LC4				acetylcholine	0.5827212716844562	acetylcholine	Davis et al., 2020	right		fw018820	FBbt_00003874	
76635067639845718	720575940615575007	87040	58480	4198	87040.0	58480.0	4198.0	1895592.0	intrinsic	visual_projection				LC4				acetylcholine	0.620446039336602	acetylcholine	Davis et al., 2020	left		fw018964	FBbt_00003874	
82124585465997897	720575940630154660	167224	69264	3393	167224.0	69264.0	3393.0	7137932.0	intrinsic	visual_projection				LC4				acetylcholine	0.634789856385066	acetylcholine	Davis et al., 2020	right		fw019113	FBbt_00003874	
82265322887375147	720575940618709158	169128	70224	2970	169128.0	70224.0	2970.0	7136774.0	intrinsic	visual_projection				LC4				acetylcholine	0.5830481425877776	acetylcholine	Davis et al., 2020	right		fw019214	FBbt_00003874	
77268729934995125	720575940625991043	96304	63184	4326	96304.0	63184.0	4326.0	2110013.0	intrinsic	visual_projection				LC4				acetylcholine	0.5881437167545813	acetylcholine	Davis et al., 2020	left		fw019639	FBbt_00003874	
76494742334614861	720575940626626895	85536	64208	3528	85536.0	64208.0	3528.0	1894258.0	intrinsic	visual_projection				LC4				acetylcholine	0.5479296438571722	acetylcholine	Davis et al., 2020	left		fw020214	FBbt_00003874	
82406129095270683	720575940628891863	171344	70304	3008	171344.0	70304.0	3008.0	7137085.0	intrinsic	visual_projection				LC4				acetylcholine	0.5508334659416535	acetylcholine	Davis et al., 2020	right		fw020396	FBbt_00003874	
82195022929581219	720575940624790781	168040	70472	3330	168040.0	70472.0	3330.0	7138047.0	intrinsic	visual_projection				LC4				acetylcholine	0.6624543681378827	acetylcholine	Davis et al., 2020	right		fw020533	FBbt_00003874	
76635548609025923	720575940615053580	87512	66016	3664	87512.0	66016.0	3664.0	1940062.0	intrinsic	visual_projection				LC4				acetylcholine	0.5296869018066843	acetylcholine	Davis et al., 2020	left		fw020562	FBbt_00003874	
82124791624087314	720575940621753579	167104	72784	3120	167104.0	72784.0	3120.0	7137907.0	intrinsic	visual_projection				LC4				acetylcholine	0.6181143699734393	acetylcholine	Davis et al., 2020	right		fw020596	FBbt_00003874	
77198498629668255	720575940628081541	96160	66088	4256	96160.0	66088.0	4256.0	2125010.0	intrinsic	visual_projection				LC4				acetylcholine	0.5961615779921929	acetylcholine	Davis et al., 2020	left		fw020718	FBbt_00003874	
77198636001892616	720575940614572742	95560	67856	4045	95560.0	67856.0	4045.0	2123474.0	intrinsic	visual_projection				LC4				acetylcholine	0.5599702293836716	acetylcholine	Davis et al., 2020	left		fw020738	FBbt_00003874	
77198429910048054	720575940622108001	95168	64888	4143	95168.0	64888.0	4143.0	2109905.0	intrinsic	visual_projection				LC4				acetylcholine	0.5970081416313718	acetylcholine	Davis et al., 2020	left		fw021106	FBbt_00003874	
82054285441521463	720575940629964591	166000	70424	3563	166000.0	70424.0	3563.0	7137657.0	intrinsic	visual_projection				LC4				acetylcholine	0.6137226690685323	acetylcholine	Davis et al., 2020	right		fw021181	FBbt_00003874	
82124654185199323	720575940645821316	167704	70840	3173	167704.0	70840.0	3173.0	7138002.0	intrinsic	visual_projection				LC4				acetylcholine	0.6723702629804618	acetylcholine	Davis et al., 2020	right		fw021186	FBbt_00003874	
77128198538094238	720575940640612480	94496	66544	3927	94496.0	66544.0	3927.0	2123154.0	intrinsic	visual_projection				LC4				acetylcholine	0.6831420706401865	acetylcholine	Davis et al., 2020	left		fw021247	FBbt_00003874	
77268936093398654	720575940628462340	96752	66464	4315	96752.0	66464.0	4315.0	2125187.0	intrinsic	visual_projection				LC4				acetylcholine	0.5766449059662723	acetylcholine	Davis et al., 2020	left		fw021435	FBbt_00003874	
81983848044444636	720575940618267227	165352	69856	3668	165352.0	69856.0	3668.0	7137546.0	intrinsic	visual_projection				LC4				acetylcholine	0.5768035743385873	acetylcholine	Davis et al., 2020	right		fw021629	FBbt_00003874	
76635479889575402	720575940619397542	87376	65096	3688	87376.0	65096.0	3688.0	1894715.0	intrinsic	visual_projection				LC4				acetylcholine	0.579549086157529	acetylcholine	Davis et al., 2020	left		fw021966	FBbt_00003874	
82195091648789138	720575940603637438	168208	72272	3130	168208.0	72272.0	3130.0	7138081.0	intrinsic	visual_projection				LC4				acetylcholine	0.673364411833264	acetylcholine	Davis et al., 2020	right		fw021979	FBbt_00003874	
82124585466008011	720575940625841351	167656	69944	3397	167656.0	69944.0	3397.0	7137992.0	intrinsic	visual_projection				LC4				acetylcholine	0.6698268642076451	acetylcholine	Davis et al., 2020	right		fw022591	FBbt_00003874	
81983710605632271	720575940618234715	165264	67808	3771	165264.0	67808.0	3771.0	7137524.0	intrinsic	visual_projection				LC4				acetylcholine	0.6321254577805517	acetylcholine	Davis et al., 2020	right		fw023128	FBbt_00003874	
82265322954155795	720575940612380723	168992	69496	3247	168992.0	69496.0	3247.0	7138201.0	intrinsic	visual_projection				LC4				acetylcholine	0.6239781812810907	acetylcholine	Davis et al., 2020	right		fw023143	FBbt_00003874	
82335691698213686	720575940620314612	170856	69968	3149	170856.0	69968.0	3149.0	7138452.0	intrinsic	visual_projection				LC4				acetylcholine	0.5271705746295182	acetylcholine	Davis et al., 2020	right		fw023309	FBbt_00003874	
76705917353184622	720575940618807105	88272	66032	3643	88272.0	66032.0	3643.0	1940628.0	intrinsic	visual_projection				LC4				acetylcholine	0.5386059660476914	acetylcholine	Davis et al., 2020	left		fw023566	FBbt_00003874	
82054216722001327	720575940635835967	166576	69696	3523	166576.0	69696.0	3523.0	7137773.0	intrinsic	visual_projection				LC4				acetylcholine	0.6580199964196337	acetylcholine	Davis et al., 2020	right		fw003188	FBbt_00003874	
82054148002536594	720575940618275520	166456	68776	3541	166456.0	68776.0	3541.0	7137732.0	intrinsic	visual_projection				LC4				acetylcholine	0.5636071077864484	acetylcholine	Davis et al., 2020	right		fw024326	FBbt_00003874	
82124654185586845	720575940612968421	167008	70520	3453	167008.0	70520.0	3453.0	7137891.0	intrinsic	visual_projection				LC4				acetylcholine	0.6102739881561219	acetylcholine	Davis et al., 2020	right		fw025523	FBbt_00003874	
77198292471374376	720575940611134833	95542	62410	4344	95785.0	65160.0	4274.0		intrinsic	visual_projection				LC4				acetylcholine	0.5634265783395052	acetylcholine	Davis et al., 2020	left		fw044701	FBbt_00003874	
76917023787007093	720575940618312606	91751	65404	5159	84504.0	55552.0	4136.0	1852264.0	intrinsic	visual_projection				LC4				acetylcholine	0.5627326617740898	acetylcholine	Davis et al., 2020	left		fw047617	FBbt_00003874	
76987667275330790	720575940628064260	92547	70129	4494	85664.0	57664.0	4166.0	1852895.0	intrinsic	visual_projection				LC4				acetylcholine	0.5962915630283564	acetylcholine	Davis et al., 2020	left		fw047665	FBbt_00003874	
77268867373829684	720575940618676440	96554	65614	4252	96505.0	65509.0	4242.0		intrinsic	visual_projection				LC4				acetylcholine	0.5946219636060353	acetylcholine	Davis et al., 2020	left		fw047782	FBbt_00003874	
82615723633524512	720575940626745392	174512	48600	4063	174512.0	48600.0	4063.0	7377739.0	intrinsic	visual_projection				LPLC2	VPNd1	BLD6		acetylcholine	0.5938895305175015	acetylcholine	Davis et al., 2020	right		fw000119	FBbt_00111763	
82264361015894484	720575940626447848	169251	55871	4418	172296.0	48880.0	4520.0	7085617.0	intrinsic	visual_projection				LPLC2	VPNd1	BLD6		acetylcholine	0.44377651341063235	acetylcholine	Davis et al., 2020	right		fw000636	FBbt_00111763	
76775049281230223	720575940631380695	89720	47376	4853	89720.0	47376.0	4853.0	1822295.0	intrinsic	visual_projection				LPLC2	VPNd1	BLD6		acetylcholine	0.5833305410963041	acetylcholine	Davis et al., 2020	left		fw001111	FBbt_00111763	
82615792419576053	720575940625835278	174912	49384	4158	174912.0	49384.0	4158.0	7380033.0	intrinsic	visual_projection				LPLC2	VPNd1	BLD6		acetylcholine	0.5008670720339685	acetylcholine	Davis et al., 2020	right		fw001286	FBbt_00111763	
77338342899510768	720575940639109795	97896	52648	5601	97896.0	52648.0	5601.0	2100146.0	intrinsic	visual_projection				LPLC2	VPNd1	BLD6		acetylcholine	0.5530034770764789	acetylcholine	Davis et al., 2020	left		fw001979	FBbt_00111763	
82404617535309694	720575940612045352	171784	48368	5080	171784.0	48368.0	5080.0	7085522.0	intrinsic	visual_projection				LPLC2	VPNd1	BLD6		acetylcholine	0.6949679772904047	acetylcholine	Davis et al., 2020	right		fw002048	FBbt_00111763	
76282124474966876	720575940635307639	82432	42040	5090	82432.0	42040.0	5090.0	1817126.0	intrinsic	visual_projection				LPLC2	VPNd1	BLD6		acetylcholine	0.5206612621126165	acetylcholine	Davis et al., 2020	left		fw002311	FBbt_00111763	
82264361015898307	720575940605825666	169692	55777	4419	172352.0	48448.0	4873.0	7085625.0	intrinsic	visual_projection				LPLC2	VPNd1	BLD6		acetylcholine	0.6281807327922889	acetylcholine	Davis et al., 2020	right		fw002355	FBbt_00111763	
82264429735382696	720575940626735016	169659	56082	4419	172016.0	48840.0	4931.0	7085565.0	intrinsic	visual_projection				LPLC2	VPNd1	BLD6		acetylcholine	0.7430075236248677	acetylcholine	Davis et al., 2020	right		fw002404	FBbt_00111763	
77338480338152026	720575940626414279	97912	54408	5381	97912.0	54408.0	5381.0	2100141.0	intrinsic	visual_projection				LPLC2	VPNd1	BLD6		acetylcholine	0.5286323707385087	acetylcholine	Davis et al., 2020	left		fw002664	FBbt_00111763	
82475054931780079	720575940618172509	172352	49712	4572	172352.0	49712.0	4572.0	7093310.0	intrinsic	visual_projection				LPLC2	VPNd1	BLD6		acetylcholine	0.4852069029397573	acetylcholine	Davis et al., 2020	right		fw002867	FBbt_00111763	
82264429735382714	720575940635040357	169184	56063	4419	172208.0	48944.0	4634.0	7085589.0	intrinsic	visual_projection				LPLC2	VPNd1	BLD6		acetylcholine	0.4716738983324266	acetylcholine	Davis et al., 2020	right		fw003040	FBbt_00111763	
77338411618918274	720575940623262461	97992	53080	5542	97992.0	53080.0	5542.0	2100165.0	intrinsic	visual_projection				LPLC2	VPNd1	BLD6		acetylcholine	0.4260296645954489	acetylcholine	Davis et al., 2020	left		fw003476	FBbt_00111763	
77127030508496410	720575940641552347	94144	49392	5610	94144.0	49392.0	5610.0	2090685.0	intrinsic	visual_projection				LPLC2	VPNd1	BLD6		acetylcholine	0.5735736391463921	acetylcholine	Davis et al., 2020	left		fw003824	FBbt_00111763	
77338411618868398	720575940613145258	98016	53752	5507	98016.0	53752.0	5507.0	2100167.0	intrinsic	visual_projection				LPLC2	VPNd1	BLD6		acetylcholine	0.5780676862971842	acetylcholine	Davis et al., 2020	left		fw003876	FBbt_00111763	
76635136493556130	720575940641704656	87633	59304	5235	89848.0	45144.0	5387.0	1824597.0	intrinsic	visual_projection				LPLC2	VPNd1	BLD6		acetylcholine	0.4284761615046012	acetylcholine	Davis et al., 2020	left		fw004509	FBbt_00111763	
82756736133516890	720575940613804906	176054	52179	4700	172952.0	48928.0	4583.0	7379377.0	intrinsic	visual_projection				LPLC2	VPNd1	BLD6		acetylcholine	0.5461236135662592	acetylcholine	Davis et al., 2020	right		fw004831	FBbt_00111763	
77197399319213436	720575940638626118	95752	48920	5667	95752.0	48920.0	5667.0	2091181.0	intrinsic	visual_projection				LPLC2	VPNd1	BLD6		acetylcholine	0.6285710693700048	acetylcholine	Davis et al., 2020	left		fw005067	FBbt_00111763	
82334386230102466	720575940620575476	170024	50536	5099	170024.0	50536.0	5099.0	7092986.0	intrinsic	visual_projection				LPLC2	VPNd1	BLD6		acetylcholine	0.5951676451971957	acetylcholine	Davis et al., 2020	right		fw005112	FBbt_00111763	
76774980561859643	720575940632129848	89896	46152	4945	89896.0	46152.0	4945.0	1822335.0	intrinsic	visual_projection				LPLC2	VPNd1	BLD6		acetylcholine	0.5913166789073987	acetylcholine	Davis et al., 2020	left		fw005329	FBbt_00111763	
82545492394843808	720575940612462307	173760	50528	4115	173760.0	50528.0	4115.0	7396931.0	intrinsic	visual_projection				LPLC2	VPNd1	BLD6		acetylcholine	0.49472336466033057	acetylcholine	Davis et al., 2020	right		fw005582	FBbt_00111763	
77127030508505171	720575940623652083	95096	49272	5617	95096.0	49272.0	5617.0	2091032.0	intrinsic	visual_projection				LPLC2	VPNd1	BLD6		acetylcholine	0.5320876740354721	acetylcholine	Davis et al., 2020	left		fw006189	FBbt_00111763	
77127030508341937	720575940635516084	95000	49280	5473	95000.0	49280.0	5473.0	2091011.0	intrinsic	visual_projection				LPLC2	VPNd1	BLD6		acetylcholine	0.5272645907783806	acetylcholine	Davis et al., 2020	left		fw006332	FBbt_00111763	
77057623836990610	720575940639884878	93586	63603	5617	83768.0	42984.0	5108.0	1818984.0	intrinsic	visual_projection				LPLC2	VPNd1	BLD6		acetylcholine	0.5126468451019939	acetylcholine	Davis et al., 2020	left		fw006343	FBbt_00111763	
77127030508401636	720575940610226645	94480	49280	5524	94480.0	49280.0	5524.0	2090772.0	intrinsic	visual_projection				LPLC2	VPNd1	BLD6		acetylcholine	0.6285890498396406	acetylcholine	Davis et al., 2020	left		fw006372	FBbt_00111763	
77338549057870949	720575940619263937	98144	55712	5559	98144.0	55712.0	5559.0	2100193.0	intrinsic	visual_projection				LPLC2	VPNd1	BLD6		acetylcholine	0.6694084866855168	acetylcholine	Davis et al., 2020	left		fw006563	FBbt_00111763	
76775049281335875	720575940625216202	90016	47624	4926	90016.0	47624.0	4926.0	1822351.0	intrinsic	visual_projection				LPLC2	VPNd1	BLD6		acetylcholine	0.4426837498683296	acetylcholine	Davis et al., 2020	left		fw007295	FBbt_00111763	
77056661764180625	720575940623925774	93600	49072	5482	93600.0	49072.0	5482.0	2090377.0	intrinsic	visual_projection				LPLC2	VPNd1	BLD6		acetylcholine	0.69747762380806	acetylcholine	Davis et al., 2020	left		fw007379	FBbt_00111763	
82545423675483537	720575940633552685	173832	49208	4212	173832.0	49208.0	4212.0	7379663.0	intrinsic	visual_projection				LPLC2	VPNd1	BLD6		acetylcholine	0.5409526605781038	acetylcholine	Davis et al., 2020	right		fw007534	FBbt_00111763	
77338549057699735	720575940615332502	98216	55104	5440	98216.0	55104.0	5440.0	2100204.0	intrinsic	visual_projection				LPLC2	VPNd1	BLD6		acetylcholine	0.5064714426894226	acetylcholine	Davis et al., 2020	left		fw007982	FBbt_00111763	
82334386230119335	720575940624014524	170568	49952	5117	170568.0	49952.0	5117.0	7093053.0	intrinsic	visual_projection				LPLC2	VPNd1	BLD6		acetylcholine	0.5578570290317812	acetylcholine	Davis et al., 2020	right		fw008082	FBbt_00111763	
82404686254386801	720575940615920453	171064	49208	4822	171064.0	49208.0	4822.0	7085384.0	intrinsic	visual_projection				LPLC2	VPNd1	BLD6		acetylcholine	0.65236924517835	acetylcholine	Davis et al., 2020	right		fw008364	FBbt_00111763	
77339167532954757	720575940627685765	97854	64218	5446	84768.0	42792.0	5119.0	1820013.0	intrinsic	visual_projection				LPLC2	VPNd1	BLD6		acetylcholine	0.6287833739645868	acetylcholine	Davis et al., 2020	left		fw008471	FBbt_00111763	
77197605410765001	720575940638835288	95336	52544	5324	95336.0	52544.0	5324.0	2099030.0	intrinsic	visual_projection				LPLC2	VPNd1	BLD6		acetylcholine	0.5086694233536807	acetylcholine	Davis et al., 2020	left		fw011734	FBbt_00111763	
82545354956165245	720575940616116697	173912	48736	4338	173912.0	48736.0	4338.0	7379692.0	intrinsic	visual_projection				LPLC2	VPNd1	BLD6		acetylcholine	0.44382511748844566	acetylcholine	Davis et al., 2020	right		fw012472	FBbt_00111763	
82615586261701435	720575940629967703	174768	46048	4551	174768.0	46048.0	4551.0	7379965.0	intrinsic	visual_projection				LPLC2	VPNd1	BLD6		acetylcholine	0.5365437687846908	acetylcholine	Davis et al., 2020	right		fw012579	FBbt_00111763	
82264429735383891	720575940622992205	169260	56052	4419	173768.0	47616.0	4532.0	7379645.0	intrinsic	visual_projection				LPLC2	VPNd1	BLD6		acetylcholine	0.5465895108824318	acetylcholine	Davis et al., 2020	right		fw012589	FBbt_00111763	
82124310789291655	720575940606217138	167458	65655	4829	177976.0	45712.0	4746.0	7381012.0	intrinsic	visual_projection				LPLC2	VPNd1	BLD6		acetylcholine	0.43943080868016	acetylcholine	Davis et al., 2020	right		fw012649	FBbt_00111763	
81843110623626077	720575940618538641	163158	69886	4513	176288.0	45944.0	4775.0	7380414.0	intrinsic	visual_projection				LPLC2	VPNd1	BLD6		acetylcholine	0.7389851061314812	acetylcholine	Davis et al., 2020	right		fw012665	FBbt_00111763	
82826692561020037	720575940624919077	177920	45768	4823	177920.0	45768.0	4823.0	7380982.0	intrinsic	visual_projection				LPLC2	VPNd1	BLD6		acetylcholine	0.471016270760894	acetylcholine	Davis et al., 2020	right		fw012726	FBbt_00111763	
76422861963024713	720575940620306904	84416	42592	4876	84416.0	42592.0	4876.0	1819665.0	intrinsic	visual_projection				LPLC2	VPNd1	BLD6		acetylcholine	0.49512990414889724	acetylcholine	Davis et al., 2020	left		fw012779	FBbt_00111763	
76774911842270015	720575940640302389	89136	45632	4852	89136.0	45632.0	4852.0	1822121.0	intrinsic	visual_projection				LPLC2	VPNd1	BLD6		acetylcholine	0.5459664373026804	acetylcholine	Davis et al., 2020	left		fw012836	FBbt_00111763	
82194335868777691	720575940623047629	168406	60492	4161	173552.0	48200.0	4570.0	7379553.0	intrinsic	visual_projection				LPLC2	VPNd1	BLD6		acetylcholine	0.4526120315949199	acetylcholine	Davis et al., 2020	right		fw012839	FBbt_00111763	
77268042874688578	720575940613763759	96240	53576	5505	96240.0	53576.0	5505.0	2099456.0	intrinsic	visual_projection				LPLC2	VPNd1	BLD6		acetylcholine	0.680267946770827	acetylcholine	Davis et al., 2020	left		fw012923	FBbt_00111763	
82475123650874872	720575940615967377	172640	50616	4278	172640.0	50616.0	4278.0	7398522.0	intrinsic	visual_projection				LPLC2	VPNd1	BLD6		acetylcholine	0.5463204762726326	acetylcholine	Davis et al., 2020	right		fw012925	FBbt_00111763	
82264361015909867	720575940610116757	169746	55818	4418	173568.0	47512.0	4628.0	7379561.0	intrinsic	visual_projection				LPLC2	VPNd1	BLD6		acetylcholine	0.5810880050127354	acetylcholine	Davis et al., 2020	right		fw012941	FBbt_00111763	
82826623841611508	720575940625001735	177248	45336	4856	177248.0	45336.0	4856.0	7380780.0	intrinsic	visual_projection				LPLC2	VPNd1	BLD6		acetylcholine	0.4618588368507774	acetylcholine	Davis et al., 2020	right		fw012983	FBbt_00111763	
82264429735390617	720575940612254701	169353	56079	4418	174592.0	47608.0	4479.0	7379914.0	intrinsic	visual_projection				LPLC2	VPNd1	BLD6		acetylcholine	0.49550128046279224	acetylcholine	Davis et al., 2020	right		fw013044	FBbt_00111763	
82756323816673865	720575940640510427	176616	45784	4695	176616.0	45784.0	4695.0	7380590.0	intrinsic	visual_projection				LPLC2	VPNd1	BLD6		acetylcholine	0.6749403746184385	acetylcholine	Davis et al., 2020	right		fw013094	FBbt_00111763	
76704611817576977	720575940625695269	88624	46464	4842	88624.0	46464.0	4842.0	1821992.0	intrinsic	visual_projection				LPLC2	VPNd1	BLD6		acetylcholine	0.4704654816668978	acetylcholine	Davis et al., 2020	left		fw013164	FBbt_00111763	
82264429735387961	720575940635572592	169235	56238	4418	169968.0	50536.0	4784.0	7092968.0	intrinsic	visual_projection				LPLC2	VPNd1	BLD6		acetylcholine	0.5601421579147366	acetylcholine	Davis et al., 2020	right		fw013185	FBbt_00111763	
82334523668697030	720575940633588320	170024	51872	4874	170024.0	51872.0	4874.0	7092979.0	intrinsic	visual_projection				LPLC2	VPNd1	BLD6		acetylcholine	0.5524950422708941	acetylcholine	Davis et al., 2020	right		fw013199	FBbt_00111763	
82334454882396138	720575940609592674	170048	51376	4597	170048.0	51376.0	4597.0	7092976.0	intrinsic	visual_projection				LPLC2	VPNd1	BLD6		acetylcholine	0.6485883056109202	acetylcholine	Davis et al., 2020	right		fw013273	FBbt_00111763	
76563805609757343	720575940603989420	86664	44936	4854	86664.0	44936.0	4854.0	1821182.0	intrinsic	visual_projection				LPLC2	VPNd1	BLD6		acetylcholine	0.5010227895454986	acetylcholine	Davis et al., 2020	left		fw013317	FBbt_00111763	
82264429735390194	720575940624016778	169243	55997	4418	175496.0	46536.0	4474.0	7380156.0	intrinsic	visual_projection				LPLC2	VPNd1	BLD6		acetylcholine	0.7006800652149702	acetylcholine	Davis et al., 2020	right		fw013353	FBbt_00111763	
82264429735387782	720575940626161930	169662	56023	4418	174528.0	47112.0	4933.0	7379903.0	intrinsic	visual_projection				LPLC2	VPNd1	BLD6		acetylcholine	0.5205048608173561	acetylcholine	Davis et al., 2020	right		fw013376	FBbt_00111763	
77198292605847747	720575940628847164	95816	62517	5601	84808.0	43144.0	5322.0	1823137.0	intrinsic	visual_projection				LPLC2	VPNd1	BLD6		acetylcholine	0.5231255667328556	acetylcholine	Davis et al., 2020	left		fw013379	FBbt_00111763	
82404686254723398	720575940616735489	171248	49584	5075	171248.0	49584.0	5075.0	7093154.0	intrinsic	visual_projection				LPLC2	VPNd1	BLD6		acetylcholine	0.6408486643103118	acetylcholine	Davis et al., 2020	right		fw013416	FBbt_00111763	
82615654980774403	720575940620001718	174592	47344	4262	174592.0	47344.0	4262.0	7379920.0	intrinsic	visual_projection				LPLC2	VPNd1	BLD6		acetylcholine	0.41313577593182665	acetylcholine	Davis et al., 2020	right		fw013435	FBbt_00111763	
82615723700109750	720575940628039034	174400	48400	4157	174400.0	48400.0	4157.0	7379870.0	intrinsic	visual_projection				LPLC2	VPNd1	BLD6		acetylcholine	0.5353305955257275	acetylcholine	Davis et al., 2020	right		fw013447	FBbt_00111763	
82264429735387797	720575940612944382	169308	56016	4419	172960.0	48272.0	4492.0	7379373.0	intrinsic	visual_projection				LPLC2	VPNd1	BLD6		acetylcholine	0.47740394714216805	acetylcholine	Davis et al., 2020	right		fw013476	FBbt_00111763	
82545492394906891	720575940629384271	173584	49952	4180	173584.0	49952.0	4180.0	7398686.0	intrinsic	visual_projection				LPLC2	VPNd1	BLD6		acetylcholine	0.5331766470330179	acetylcholine	Davis et al., 2020	right		fw013487	FBbt_00111763	
77056593044777749	720575940615953302	94096	48544	5549	94096.0	48544.0	5549.0	2090643.0	intrinsic	visual_projection				LPLC2	VPNd1	BLD6		acetylcholine	0.5264472508217349	acetylcholine	Davis et al., 2020	left		fw013507	FBbt_00111763	
82826623841505320	720575940616166685	178024	45056	4790	178024.0	45056.0	4790.0	7381030.0	intrinsic	visual_projection				LPLC2	VPNd1	BLD6		acetylcholine	0.44320417890877895	acetylcholine	Davis et al., 2020	right		fw013508	FBbt_00111763	
77198430044408587	720575940627902078	95785	65012	5280	86992.0	43608.0	5525.0	1823695.0	intrinsic	visual_projection				LPLC2	VPNd1	BLD6		acetylcholine	0.5650237317408127	acetylcholine	Davis et al., 2020	left		fw013525	FBbt_00111763	
82264429735387545	720575940606855554	169294	55965	4418	174848.0	46848.0	4521.0	7379998.0	intrinsic	visual_projection				LPLC2	VPNd1	BLD6		acetylcholine	0.4325623251464158	acetylcholine	Davis et al., 2020	right		fw013551	FBbt_00111763	
82615654981270222	720575940632512226	174200	46864	4588	174200.0	46864.0	4588.0	7379795.0	intrinsic	visual_projection				LPLC2	VPNd1	BLD6		acetylcholine	0.5263284597760538	acetylcholine	Davis et al., 2020	right		fw013555	FBbt_00111763	
82545354956048502	720575940624611002	173960	48032	4246	173960.0	48032.0	4246.0	7379709.0	intrinsic	visual_projection				LPLC2	VPNd1	BLD6		acetylcholine	0.4338768933007579	acetylcholine	Davis et al., 2020	right		fw013560	FBbt_00111763	
76142623936868401	720575940612560680	80059	60654	4893	89440.0	46640.0	4919.0	1822233.0	intrinsic	visual_projection				LPLC2	VPNd1	BLD6		acetylcholine	0.47604961807789775	acetylcholine	Davis et al., 2020	left		fw013578	FBbt_00111763	
77338342899385869	720575940642414837	97520	52440	5511	97520.0	52440.0	5511.0	2100055.0	intrinsic	visual_projection				LPLC2	VPNd1	BLD6		acetylcholine	0.4400819509006151	acetylcholine	Davis et al., 2020	left		fw013579	FBbt_00111763	
76493368146053839	720575940622680088	85248	43888	4809	85248.0	43888.0	4809.0	1820541.0	intrinsic	visual_projection				LPLC2	VPNd1	BLD6		acetylcholine	0.5158924559121382	acetylcholine	Davis et al., 2020	left		fw013584	FBbt_00111763	
82264361015889419	720575940620783180	169218	55927	4419	173072.0	46536.0	4586.0	7379397.0	intrinsic	visual_projection				LPLC2	VPNd1	BLD6		acetylcholine	0.5040277655566495	acetylcholine	Davis et al., 2020	right		fw013591	FBbt_00111763	
82615586261268502	720575940622769159	174944	46704	4241	174944.0	46704.0	4241.0	7380018.0	intrinsic	visual_projection				LPLC2	VPNd1	BLD6		acetylcholine	0.5118464248910134	acetylcholine	Davis et al., 2020	right		fw013608	FBbt_00111763	
76563668170769824	720575940623551684	86736	43344	4829	86736.0	43344.0	4829.0	1821230.0	intrinsic	visual_projection				LPLC2	VPNd1	BLD6		acetylcholine	0.5307262783174476	acetylcholine	Davis et al., 2020	left		fw013617	FBbt_00111763	
77057623836566439	720575940626236041	93445	63964	5283	85528.0	43160.0	5505.0	1823294.0	intrinsic	visual_projection				LPLC2	VPNd1	BLD6		acetylcholine	0.49464964264440187	acetylcholine	Davis et al., 2020	left		fw013669	FBbt_00111763	
82756323749515465	720575940614067167	176576	46496	4160	176576.0	46496.0	4160.0	7380537.0	intrinsic	visual_projection				LPLC2	VPNd1	BLD6		acetylcholine	0.48329386910389227	acetylcholine	Davis et al., 2020	right		fw013688	FBbt_00111763	
82756392469013355	720575940647358243	176624	47688	4172	176624.0	47688.0	4172.0	7380549.0	intrinsic	visual_projection				LPLC2	VPNd1	BLD6		acetylcholine	0.5008300822308037	acetylcholine	Davis et al., 2020	right		fw013690	FBbt_00111763	
76634243073431866	720575940618927892	87968	46176	4887	87968.0	46176.0	4887.0	1821703.0	intrinsic	visual_projection				LPLC2	VPNd1	BLD6		acetylcholine	0.4830532193402729	acetylcholine	Davis et al., 2020	left		fw013703	FBbt_00111763	
82686092444301197	720575940614526974	175192	48360	4158	175192.0	48360.0	4158.0	7380078.0	intrinsic	visual_projection				LPLC2	VPNd1	BLD6		acetylcholine	0.5368038994184088	acetylcholine	Davis et al., 2020	right		fw013706	FBbt_00111763	
76352561938262793	720575940648418425	83848	43000	4844	83848.0	43000.0	4844.0	1819035.0	intrinsic	visual_projection				LPLC2	VPNd1	BLD6		acetylcholine	0.47835987567623384	acetylcholine	Davis et al., 2020	left		fw013736	FBbt_00111763	
82264429735387802	720575940645699124	169220	56055	4418	175600.0	46528.0	4358.0	7380177.0	intrinsic	visual_projection				LPLC2	VPNd1	BLD6		acetylcholine	0.5800833222772973	acetylcholine	Davis et al., 2020	right		fw013738	FBbt_00111763	
82124242002647846	720575940613821290	167235	64551	4279	170776.0	50336.0	4901.0	7093081.0	intrinsic	visual_projection				LPLC2	VPNd1	BLD6		acetylcholine	0.6105337796076121	acetylcholine	Davis et al., 2020	right		fw013744	FBbt_00111763	
76775049281270599	720575940619197318	89040	47056	4871	89040.0	47056.0	4871.0	1822101.0	intrinsic	visual_projection				LPLC2	VPNd1	BLD6		acetylcholine	0.5168247435855663	acetylcholine	Davis et al., 2020	left		fw013747	FBbt_00111763	
82615655047690586	720575940624931530	174816	47360	4634	174816.0	47360.0	4634.0	7379978.0	intrinsic	visual_projection				LPLC2	VPNd1	BLD6		acetylcholine	0.7680529022071687	acetylcholine	Davis et al., 2020	right		fw013808	FBbt_00111763	
76705161640198025	720575940612766691	88046	54074	5140	85920.0	44616.0	4929.0	1820896.0	intrinsic	visual_projection				LPLC2	VPNd1	BLD6		acetylcholine	0.4971388883756419	acetylcholine	Davis et al., 2020	left		fw013819	FBbt_00111763	
82615654980614606	720575940631397549	175008	47640	4151	175008.0	47640.0	4151.0	7380032.0	intrinsic	visual_projection				LPLC2	VPNd1	BLD6		acetylcholine	0.5363312944056551	acetylcholine	Davis et al., 2020	right		fw013825	FBbt_00111763	
77127099227954462	720575940645407268	94720	49896	5577	94720.0	49896.0	5577.0	2098841.0	intrinsic	visual_projection				LPLC2	VPNd1	BLD6		acetylcholine	0.6445058979469402	acetylcholine	Davis et al., 2020	left		fw013839	FBbt_00111763	
82264361015897902	720575940645180196	169847	55126	4419	174648.0	46760.0	4753.0	7379931.0	intrinsic	visual_projection				LPLC2	VPNd1	BLD6		acetylcholine	0.5740985676843625	acetylcholine	Davis et al., 2020	right		fw013867	FBbt_00111763	
77197536691480879	720575940643740964	95704	51696	5471	95704.0	51696.0	5471.0	2099187.0	intrinsic	visual_projection				LPLC2	VPNd1	BLD6		acetylcholine	0.46664717803548683	acetylcholine	Davis et al., 2020	left		fw013921	FBbt_00111763	
76704543098160418	720575940636295019	88040	45360	4893	88040.0	45360.0	4893.0	1821728.0	intrinsic	visual_projection				LPLC2	VPNd1	BLD6		acetylcholine	0.5050762286491152	acetylcholine	Davis et al., 2020	left		fw013923	FBbt_00111763	
82264154924638203	720575940615116731	169032	52832	4979	169032.0	52832.0	4979.0	7092837.0	intrinsic	visual_projection				LPLC2	VPNd1	BLD6		acetylcholine	0.5223019488734968	acetylcholine	Davis et al., 2020	right		fw013928	FBbt_00111763	
76704611817565014	720575940614738444	88272	45880	4828	88272.0	45880.0	4828.0	1821815.0	intrinsic	visual_projection				LPLC2	VPNd1	BLD6		acetylcholine	0.4660020067500226	acetylcholine	Davis et al., 2020	left		fw013946	FBbt_00111763	
77197536691724447	720575940628552247	95776	51528	5630	95776.0	51528.0	5630.0	2099209.0	intrinsic	visual_projection				LPLC2	VPNd1	BLD6		acetylcholine	0.7398671871282765	acetylcholine	Davis et al., 2020	left		fw013961	FBbt_00111763	
76493368146088882	720575940624208824	85792	44608	4845	85792.0	44608.0	4845.0	1820840.0	intrinsic	visual_projection				LPLC2	VPNd1	BLD6		acetylcholine	0.5092137626217408	acetylcholine	Davis et al., 2020	left		fw013990	FBbt_00111763	
77268111594142600	720575940626617084	96736	54416	5487	96736.0	54416.0	5487.0	2099683.0	intrinsic	visual_projection				LPLC2	VPNd1	BLD6		acetylcholine	0.5816995258668689	acetylcholine	Davis et al., 2020	left		fw013992	FBbt_00111763	
82686023725347614	720575940630650936	175400	47264	4514	175400.0	47264.0	4514.0	7380127.0	intrinsic	visual_projection				LPLC2	VPNd1	BLD6		acetylcholine	0.550856783520056	acetylcholine	Davis et al., 2020	right		fw013999	FBbt_00111763	
76634174353994044	720575940635234478	87216	45536	4888	87216.0	45536.0	4888.0	1821482.0	intrinsic	visual_projection				LPLC2	VPNd1	BLD6		acetylcholine	0.45459109973668244	acetylcholine	Davis et al., 2020	left		fw014001	FBbt_00111763	
77268042874752779	720575940616008854	96824	53408	5565	96824.0	53408.0	5565.0	2099728.0	intrinsic	visual_projection				LPLC2	VPNd1	BLD6		acetylcholine	0.5810364410091179	acetylcholine	Davis et al., 2020	left		fw014004	FBbt_00111763	
82826623774308525	720575940610953651	177440	45400	4223	177440.0	45400.0	4223.0	7380836.0	intrinsic	visual_projection				LPLC2	VPNd1	BLD6		acetylcholine	0.4315915756991642	acetylcholine	Davis et al., 2020	right		fw014018	FBbt_00111763	
77056593044763847	720575940613219474	93832	47824	5538	93832.0	47824.0	5538.0	2090500.0	intrinsic	visual_projection				LPLC2	VPNd1	BLD6		acetylcholine	0.6180392550905971	acetylcholine	Davis et al., 2020	left		fw014020	FBbt_00111763	
82264361015886029	720575940611740569	169311	55871	4419	171608.0	49560.0	4639.0	7093182.0	intrinsic	visual_projection				LPLC2	VPNd1	BLD6		acetylcholine	0.4561959927111048	acetylcholine	Davis et al., 2020	right		fw014030	FBbt_00111763	
82264361015899260	720575940653742753	169835	55369	4419	175248.0	45960.0	4967.0	7380072.0	intrinsic	visual_projection				LPLC2	VPNd1	BLD6		acetylcholine	0.43261494056968297	acetylcholine	Davis et al., 2020	right		fw014072	FBbt_00111763	
82264429735387649	720575940615288203	169357	55972	4418	172552.0	48224.0	4601.0	7379284.0	intrinsic	visual_projection				LPLC2	VPNd1	BLD6		acetylcholine	0.4520987042969873	acetylcholine	Davis et al., 2020	right		fw014078	FBbt_00111763	
82264429735385275	720575940637958709	169199	56172	4419	176976.0	45472.0	4780.0	7380689.0	intrinsic	visual_projection				LPLC2	VPNd1	BLD6		acetylcholine	0.6084194985742803	acetylcholine	Davis et al., 2020	right		fw014158	FBbt_00111763	
77267905435784372	720575940629368015	96576	51584	5559	96576.0	51584.0	5559.0	2099621.0	intrinsic	visual_projection				LPLC2	VPNd1	BLD6		acetylcholine	0.7077065497281432	acetylcholine	Davis et al., 2020	left		fw014159	FBbt_00111763	
77127099227829725	720575940622425271	94824	49992	5485	94824.0	49992.0	5485.0	2098863.0	intrinsic	visual_projection				LPLC2	VPNd1	BLD6		acetylcholine	0.5411401969695901	acetylcholine	Davis et al., 2020	left		fw014166	FBbt_00111763	
82405236010301364	720575940638857048	170980	57195	4932	175008.0	45416.0	4508.0	7380031.0	intrinsic	visual_projection				LPLC2	VPNd1	BLD6		acetylcholine	0.5467749694413954	acetylcholine	Davis et al., 2020	right		fw014288	FBbt_00111763	
76634105634638102	720575940629292785	87104	43664	4972	87104.0	43664.0	4972.0	1821415.0	intrinsic	visual_projection				LPLC2	VPNd1	BLD6		acetylcholine	0.49293472074841604	acetylcholine	Davis et al., 2020	left		fw014291	FBbt_00111763	
82334523601807630	720575940628990214	170456	52568	4531	170456.0	52568.0	4531.0	7093028.0	intrinsic	visual_projection				LPLC2	VPNd1	BLD6		acetylcholine	0.47681190009057883	acetylcholine	Davis et al., 2020	right		fw014293	FBbt_00111763	
76565179999422896	720575940655750305	86352	65772	4965	85672.0	43328.0	4831.0	1820765.0	intrinsic	visual_projection				LPLC2	VPNd1	BLD6		acetylcholine	0.5369297500505582	acetylcholine	Davis et al., 2020	left		fw014299	FBbt_00111763	
77338480338303409	720575940628395797	97544	54272	5493	97544.0	54272.0	5493.0	2100041.0	intrinsic	visual_projection				LPLC2	VPNd1	BLD6		acetylcholine	0.4749443738530429	acetylcholine	Davis et al., 2020	left		fw014315	FBbt_00111763	
77268042874549251	720575940625700739	96976	53128	5404	96976.0	53128.0	5404.0	2099794.0	intrinsic	visual_projection				LPLC2	VPNd1	BLD6		acetylcholine	0.4031718785018107	acetylcholine	Davis et al., 2020	left		fw014326	FBbt_00111763	
82264086205094715	720575940637088602	169088	51456	4886	169088.0	51456.0	4886.0	7092843.0	intrinsic	visual_projection				LPLC2	VPNd1	BLD6		acetylcholine	0.4093312403279873	acetylcholine	Davis et al., 2020	right		fw014346	FBbt_00111763	
76352561938344499	720575940625697772	83184	42736	4894	83184.0	42736.0	4894.0	1818318.0	intrinsic	visual_projection				LPLC2	VPNd1	BLD6		acetylcholine	0.5187177013133452	acetylcholine	Davis et al., 2020	left		fw014349	FBbt_00111763	
76986155581251186	720575940607854531	92848	47616	5632	92848.0	47616.0	5632.0	2089959.0	intrinsic	visual_projection				LPLC2	VPNd1	BLD6		acetylcholine	0.6338505875109599	acetylcholine	Davis et al., 2020	left		fw014376	FBbt_00111763	
77056524325376860	720575940635004271	93816	46816	5599	93816.0	46816.0	5599.0	2090492.0	intrinsic	visual_projection				LPLC2	VPNd1	BLD6		acetylcholine	0.4501673746202267	acetylcholine	Davis et al., 2020	left		fw014395	FBbt_00111763	
82193717460957778	720575940622174463	168496	51728	4939	168496.0	51728.0	4939.0	7092739.0	intrinsic	visual_projection				LPLC2	VPNd1	BLD6		acetylcholine	0.6512576681764303	acetylcholine	Davis et al., 2020	right		fw014414	FBbt_00111763	
76845280653706673	720575940636529520	90688	45168	5449	90688.0	45168.0	5449.0	2088797.0	intrinsic	visual_projection				LPLC2	VPNd1	BLD6		acetylcholine	0.5471926086368878	acetylcholine	Davis et al., 2020	left		fw014422	FBbt_00111763	
82334661040617123	720575940618450496	170013	54841	4418	177224.0	45224.0	4945.0	7380764.0	intrinsic	visual_projection				LPLC2	VPNd1	BLD6		acetylcholine	0.4713765858439908	acetylcholine	Davis et al., 2020	right		fw014453	FBbt_00111763	
82615723700310052	720575940661316993	174656	47936	4294	174656.0	47936.0	4294.0	7379935.0	intrinsic	visual_projection				LPLC2	VPNd1	BLD6		acetylcholine	0.497957329210531	acetylcholine	Davis et al., 2020	right		fw014467	FBbt_00111763	
82545492394947193	720575940627553923	173144	50600	4197	173144.0	50600.0	4197.0	7398559.0	intrinsic	visual_projection				LPLC2	VPNd1	BLD6		acetylcholine	0.5533644007433857	acetylcholine	Davis et al., 2020	right		fw014506	FBbt_00111763	
82264086205185427	720575940628778058	169600	51512	4955	169600.0	51512.0	4955.0	7092912.0	intrinsic	visual_projection				LPLC2	VPNd1	BLD6		acetylcholine	0.6112701845272801	acetylcholine	Davis et al., 2020	right		fw014530	FBbt_00111763	
76704474378808482	720575940618608177	88832	44656	4995	88832.0	44656.0	4995.0	1822028.0	intrinsic	visual_projection				LPLC2	VPNd1	BLD6		acetylcholine	0.524622624687752	acetylcholine	Davis et al., 2020	left		fw014550	FBbt_00111763	
82264429735394647	720575940636878682	169225	56120	4419	175648.0	45728.0	4519.0	7380194.0	intrinsic	visual_projection				LPLC2	VPNd1	BLD6		acetylcholine	0.47541096194632726	acetylcholine	Davis et al., 2020	right		fw014558	FBbt_00111763	
76493299426673587	720575940613470947	85048	43080	4877	85048.0	43080.0	4877.0	1820333.0	intrinsic	visual_projection				LPLC2	VPNd1	BLD6		acetylcholine	0.581335499264857	acetylcholine	Davis et al., 2020	left		fw014584	FBbt_00111763	
76704543098213683	720575940624755504	87984	44728	4940	87984.0	44728.0	4940.0	1821713.0	intrinsic	visual_projection				LPLC2	VPNd1	BLD6		acetylcholine	0.4978480609296706	acetylcholine	Davis et al., 2020	left		fw014618	FBbt_00111763	
77338480338413207	720575940634700980	97888	54264	5578	97888.0	54264.0	5578.0	2100145.0	intrinsic	visual_projection				LPLC2	VPNd1	BLD6		acetylcholine	0.5307935389715817	acetylcholine	Davis et al., 2020	left		fw014646	FBbt_00111763	
76704474378621543	720575940622009284	88024	44640	4856	88024.0	44640.0	4856.0	1821730.0	intrinsic	visual_projection				LPLC2	VPNd1	BLD6		acetylcholine	0.7307949983026327	acetylcholine	Davis et al., 2020	left		fw014647	FBbt_00111763	
76282124474793059	720575940612874536	82520	42432	4972	82520.0	42432.0	4972.0	1817289.0	intrinsic	visual_projection				LPLC2	VPNd1	BLD6		acetylcholine	0.5077528975408943	acetylcholine	Davis et al., 2020	left		fw014661	FBbt_00111763	
76563668170848391	720575940639878352	86912	42864	4881	86912.0	42864.0	4881.0	1821313.0	intrinsic	visual_projection				LPLC2	VPNd1	BLD6		acetylcholine	0.5341141885047005	acetylcholine	Davis et al., 2020	left		fw014677	FBbt_00111763	
82264154924575833	720575940631582751	169296	52312	4922	169296.0	52312.0	4922.0	7092875.0	intrinsic	visual_projection				LPLC2	VPNd1	BLD6		acetylcholine	0.44267128644631887	acetylcholine	Davis et al., 2020	right		fw014699	FBbt_00111763	
77197605411132495	720575940619981494	96080	52136	5586	96080.0	52136.0	5586.0	2099357.0	intrinsic	visual_projection				LPLC2	VPNd1	BLD6		acetylcholine	0.46818094122145926	acetylcholine	Davis et al., 2020	left		fw014725	FBbt_00111763	
76563599451308785	720575940630831185	86040	42576	4837	86040.0	42576.0	4837.0	1820941.0	intrinsic	visual_projection				LPLC2	VPNd1	BLD6		acetylcholine	0.5884943836620586	acetylcholine	Davis et al., 2020	left		fw014728	FBbt_00111763	
76704474378698793	720575940614631079	88984	44640	4904	88984.0	44640.0	4904.0	1822083.0	intrinsic	visual_projection				LPLC2	VPNd1	BLD6		acetylcholine	0.5938063789120787	acetylcholine	Davis et al., 2020	left		fw014733	FBbt_00111763	
76282124474671329	720575940615907723	82600	42008	4889	82600.0	42008.0	4889.0	1817395.0	intrinsic	visual_projection				LPLC2	VPNd1	BLD6		acetylcholine	0.5631867823415062	acetylcholine	Davis et al., 2020	left		fw014736	FBbt_00111763	
76564492804660473	720575940639895003	86771	55558	4978	84520.0	43656.0	4854.0	1819741.0	intrinsic	visual_projection				LPLC2	VPNd1	BLD6		acetylcholine	0.4700504018556061	acetylcholine	Davis et al., 2020	left		fw014738	FBbt_00111763	
82756323816863373	720575940624244922	176928	46136	4811	176928.0	46136.0	4811.0	7380676.0	intrinsic	visual_projection				LPLC2	VPNd1	BLD6		acetylcholine	0.5162912729780454	acetylcholine	Davis et al., 2020	right		fw014824	FBbt_00111763	
82685955072338076	720575940626873000	175736	46096	4634	175736.0	46096.0	4634.0	7380217.0	intrinsic	visual_projection				LPLC2	VPNd1	BLD6		acetylcholine	0.49182450872283157	acetylcholine	Davis et al., 2020	right		fw014831	FBbt_00111763	
82334729760075009	720575940614373279	169913	54940	4418	173632.0	47800.0	4768.0	7379582.0	intrinsic	visual_projection				LPLC2	VPNd1	BLD6		acetylcholine	0.4644395893971022	acetylcholine	Davis et al., 2020	right		fw014836	FBbt_00111763	
76563736890200841	720575940632080146	86144	44384	4790	86144.0	44384.0	4790.0	1820950.0	intrinsic	visual_projection				LPLC2	VPNd1	BLD6		acetylcholine	0.5194833172011847	acetylcholine	Davis et al., 2020	left		fw014843	FBbt_00111763	
77197468038765748	720575940630209603	95936	50672	5735	95936.0	50672.0	5735.0	2099278.0	intrinsic	visual_projection				LPLC2	VPNd1	BLD6		acetylcholine	0.5008110883274783	acetylcholine	Davis et al., 2020	left		fw014937	FBbt_00111763	
82897061237881026	720575940618307046	178280	45760	4169	178280.0	45760.0	4169.0	7381106.0	intrinsic	visual_projection				LPLC2	VPNd1	BLD6		acetylcholine	0.5827500640162637	acetylcholine	Davis et al., 2020	right		fw014958	FBbt_00111763	
82264292296433094	720575940618711535	169885	54862	4418	177344.0	46056.0	4701.0	7380805.0	intrinsic	visual_projection				LPLC2	VPNd1	BLD6		acetylcholine	0.5909358702642747	acetylcholine	Davis et al., 2020	right		fw014973	FBbt_00111763	
77126961788901529	720575940632779932	94616	48552	5484	94616.0	48552.0	5484.0	2090814.0	intrinsic	visual_projection				LPLC2	VPNd1	BLD6		acetylcholine	0.732519607923403	acetylcholine	Davis et al., 2020	left		fw014986	FBbt_00111763	
76563736890159156	720575940611821334	86872	43712	4759	86872.0	43712.0	4759.0	1821279.0	intrinsic	visual_projection				LPLC2	VPNd1	BLD6		acetylcholine	0.5273137120948089	acetylcholine	Davis et al., 2020	left		fw014988	FBbt_00111763	
77338342965907131	720575940653666465	97760	52136	5654	97760.0	52136.0	5654.0	2100114.0	intrinsic	visual_projection				LPLC2	VPNd1	BLD6		acetylcholine	0.47602616561078465	acetylcholine	Davis et al., 2020	left		fw015045	FBbt_00111763	
76634174353883933	720575940626384200	87072	44680	4813	87072.0	44680.0	4813.0	1821408.0	intrinsic	visual_projection				LPLC2	VPNd1	BLD6		acetylcholine	0.682919547522043	acetylcholine	Davis et al., 2020	left		fw015070	FBbt_00111763	
82053117411393932	720575940632711052	166592	53760	4813	166592.0	53760.0	4813.0	7092254.0	intrinsic	visual_projection				LPLC2	VPNd1	BLD6		acetylcholine	0.6187659610522219	acetylcholine	Davis et al., 2020	right		fw015087	FBbt_00111763	
82826692493715836	720575940628603842	177512	46160	4172	177512.0	46160.0	4172.0	7380847.0	intrinsic	visual_projection				LPLC2	VPNd1	BLD6		acetylcholine	0.5961297257399271	acetylcholine	Davis et al., 2020	right		fw015160	FBbt_00111763	
76776217512420166	720575940632777124	89875	64457	4943	91304.0	47768.0	5278.0	2089040.0	intrinsic	visual_projection				LPLC2	VPNd1	BLD6		acetylcholine	0.5135672194172938	acetylcholine	Davis et al., 2020	left		fw015169	FBbt_00111763	
82756323816949667	720575940624903064	176264	46328	4877	176264.0	46328.0	4877.0	7380376.0	intrinsic	visual_projection				LPLC2	VPNd1	BLD6		acetylcholine	0.4353855447183026	acetylcholine	Davis et al., 2020	right		fw015201	FBbt_00111763	
77126893069598912	720575940611567638	94248	47408	5640	94248.0	47408.0	5640.0	2090671.0	intrinsic	visual_projection				LPLC2	VPNd1	BLD6		acetylcholine	0.5552414530425034	acetylcholine	Davis et al., 2020	left		fw015223	FBbt_00111763	
77338411618997211	720575940617997241	97608	53512	5605	97608.0	53512.0	5605.0	2100096.0	intrinsic	visual_projection				LPLC2	VPNd1	BLD6		acetylcholine	0.38769666207603504	acetylcholine	Davis et al., 2020	left		fw015257	FBbt_00111763	
77056524325322729	720575940616377817	93120	47392	5554	93120.0	47392.0	5554.0	2090067.0	intrinsic	visual_projection				LPLC2	VPNd1	BLD6		acetylcholine	0.5143869346302211	acetylcholine	Davis et al., 2020	left		fw015272	FBbt_00111763	
76423961474599321	720575940607845250	84343	58012	4860	88712.0	46152.0	4993.0	1821999.0	intrinsic	visual_projection				LPLC2	VPNd1	BLD6		acetylcholine	0.4761892132312008	acetylcholine	Davis et al., 2020	left		fw015348	FBbt_00111763	
82193786180204076	720575940637702222	168296	52408	4781	168296.0	52408.0	4781.0	7092688.0	intrinsic	visual_projection				LPLC2	VPNd1	BLD6		acetylcholine	0.6292440074914505	acetylcholine	Davis et al., 2020	right		fw015372	FBbt_00111763	
76634105634444272	720575940612096462	87328	43992	4834	87328.0	43992.0	4834.0	1821492.0	intrinsic	visual_projection				LPLC2	VPNd1	BLD6		acetylcholine	0.5952841948959031	acetylcholine	Davis et al., 2020	left		fw015385	FBbt_00111763	
82685886286028418	720575940607683011	175832	45144	4277	175832.0	45144.0	4277.0	7380243.0	intrinsic	visual_projection				LPLC2	VPNd1	BLD6		acetylcholine	0.5592305102092079	acetylcholine	Davis et al., 2020	right		fw015428	FBbt_00111763	
82193717460837573	720575940612994929	168296	51768	4851	168296.0	51768.0	4851.0	7092683.0	intrinsic	visual_projection				LPLC2	VPNd1	BLD6		acetylcholine	0.5939006553040521	acetylcholine	Davis et al., 2020	right		fw015439	FBbt_00111763	
82265254435816880	720575940619654149	168901	68513	4641	173152.0	47744.0	4708.0	7379427.0	intrinsic	visual_projection				LPLC2	VPNd1	BLD6		acetylcholine	0.4891052015691802	acetylcholine	Davis et al., 2020	right		fw015449	FBbt_00111763	
82545355023017806	720575940631095158	173752	48080	4649	173752.0	48080.0	4649.0	7379639.0	intrinsic	visual_projection				LPLC2	VPNd1	BLD6		acetylcholine	0.528302887968773	acetylcholine	Davis et al., 2020	right		fw015455	FBbt_00111763	
82686023724984895	720575940619627934	175600	46824	4255	175600.0	46824.0	4255.0	7380182.0	intrinsic	visual_projection				LPLC2	VPNd1	BLD6		acetylcholine	0.4876691468708167	acetylcholine	Davis et al., 2020	right		fw015458	FBbt_00111763	
77338480338520868	720575940608875531	97368	54280	5647	97368.0	54280.0	5647.0	2099974.0	intrinsic	visual_projection				LPLC2	VPNd1	BLD6		acetylcholine	0.602953876031213	acetylcholine	Davis et al., 2020	left		fw015466	FBbt_00111763	
82615723700266859	720575940642397128	174512	48600	4267	174512.0	48600.0	4267.0	7379900.0	intrinsic	visual_projection				LPLC2	VPNd1	BLD6		acetylcholine	0.7641171061713204	acetylcholine	Davis et al., 2020	right		fw015476	FBbt_00111763	
82686023725489159	720575940634146967	175760	46920	4620	175760.0	46920.0	4620.0	7380212.0	intrinsic	visual_projection				LPLC2	VPNd1	BLD6		acetylcholine	0.4363090421499559	acetylcholine	Davis et al., 2020	right		fw015492	FBbt_00111763	
76424305072200716	720575940645328436	84439	63124	5028	83872.0	43200.0	4923.0	1819050.0	intrinsic	visual_projection				LPLC2	VPNd1	BLD6		acetylcholine	0.42732532647280014	acetylcholine	Davis et al., 2020	left		fw015503	FBbt_00111763	
82545354956056792	720575940631312428	173536	48744	4258	173536.0	48744.0	4258.0	7379554.0	intrinsic	visual_projection				LPLC2	VPNd1	BLD6		acetylcholine	0.5735147048669983	acetylcholine	Davis et al., 2020	right		fw015519	FBbt_00111763	
77126961855575772	720575940624417584	94584	48632	5687	94584.0	48632.0	5687.0	2090798.0	intrinsic	visual_projection				LPLC2	VPNd1	BLD6		acetylcholine	0.47996023150185596	acetylcholine	Davis et al., 2020	left		fw015620	FBbt_00111763	
77056593044888411	720575940617294219	93688	47976	5627	93688.0	47976.0	5627.0	2090427.0	intrinsic	visual_projection				LPLC2	VPNd1	BLD6		acetylcholine	0.5420470477571292	acetylcholine	Davis et al., 2020	left		fw015632	FBbt_00111763	
82475742193405971	720575940636539102	172598	59974	4921	175464.0	45912.0	4432.0	7380139.0	intrinsic	visual_projection				LPLC2	VPNd1	BLD6		acetylcholine	0.5046871830913112	acetylcholine	Davis et al., 2020	right		fw015634	FBbt_00111763	
76422861963143553	720575940617289782	84088	42352	4953	84088.0	42352.0	4953.0	1819261.0	intrinsic	visual_projection				LPLC2	VPNd1	BLD6		acetylcholine	0.5408849248650907	acetylcholine	Davis et al., 2020	left		fw015703	FBbt_00111763	
77127167947295145	720575940615055989	94768	50816	5451	94768.0	50816.0	5451.0	2098846.0	intrinsic	visual_projection				LPLC2	VPNd1	BLD6		acetylcholine	0.49465730288582727	acetylcholine	Davis et al., 2020	left		fw015705	FBbt_00111763	
82685955072651156	720575940636950505	175808	46616	4811	175808.0	46616.0	4811.0	7380219.0	intrinsic	visual_projection				LPLC2	VPNd1	BLD6		acetylcholine	0.45206901119808807	acetylcholine	Davis et al., 2020	right		fw015758	FBbt_00111763	
82264361015894016	720575940638922624	169815	55292	4418	175114.0	45893.0	5155.0	7092884.0	intrinsic	visual_projection				LPLC2	VPNd1	BLD6		acetylcholine	0.45922211583995076	acetylcholine	Davis et al., 2020	right		fw004774	FBbt_00111763	
77056593044690307	720575940624359093	93216	48504	5489	93216.0	48504.0	5489.0	2090141.0	intrinsic	visual_projection				LPLC2	VPNd1	BLD6		acetylcholine	0.43587164653945015	acetylcholine	Davis et al., 2020	left		fw015901	FBbt_00111763	
82264429735378719	720575940628197892	169725	56086	4419	170680.0	50264.0	5016.0	7093067.0	intrinsic	visual_projection				LPLC2	VPNd1	BLD6		acetylcholine	0.4578740873881228	acetylcholine	Davis et al., 2020	right		fw015925	FBbt_00111763	
82264361015893985	720575940631742405	169757	55187	4418	178864.0	44728.0	4854.0	7381360.0	intrinsic	visual_projection				LPLC2	VPNd1	BLD6		acetylcholine	0.588420000431836	acetylcholine	Davis et al., 2020	right		fw016138	FBbt_00111763	
77126961789079974	720575940617480094	94960	48496	5618	94960.0	48496.0	5618.0	2090983.0	intrinsic	visual_projection				LPLC2	VPNd1	BLD6		acetylcholine	0.6601412784657333	acetylcholine	Davis et al., 2020	left		fw016271	FBbt_00111763	
82826623774665735	720575940627902979	177808	45384	4466	177808.0	45384.0	4466.0	7380931.0	intrinsic	visual_projection				LPLC2	VPNd1	BLD6		acetylcholine	0.4925465766316294	acetylcholine	Davis et al., 2020	right		fw016297	FBbt_00111763	
82264361015887890	720575940621634913	169878	55269	4419	173936.0	47696.0	4863.0	7379674.0	intrinsic	visual_projection				LPLC2	VPNd1	BLD6		acetylcholine	0.5671833556959747	acetylcholine	Davis et al., 2020	right		fw016301	FBbt_00111763	
82756461121887769	720575940610536290	176048	47968	4019	176048.0	47968.0	4019.0	7377860.0	intrinsic	visual_projection				LPLC2	VPNd1	BLD6		acetylcholine	0.5870202835366458	acetylcholine	Davis et al., 2020	right		fw016310	FBbt_00111763	
76706054926316909	720575940647369507	88355	67298	4635	91104.0	47176.0	5330.0	2088942.0	intrinsic	visual_projection				LPLC2	VPNd1	BLD6		acetylcholine	0.4522785470548874	acetylcholine	Davis et al., 2020	left		fw016394	FBbt_00111763	
82545354956160153	720575940628849668	173656	48072	4341	173656.0	48072.0	4341.0	7379583.0	intrinsic	visual_projection				LPLC2	VPNd1	BLD6		acetylcholine	0.49831495345685256	acetylcholine	Davis et al., 2020	right		fw016432	FBbt_00111763	
82685955072871152	720575940623769783	176024	46080	4974	176024.0	46080.0	4974.0	7380297.0	intrinsic	visual_projection				LPLC2	VPNd1	BLD6		acetylcholine	0.6206227345879906	acetylcholine	Davis et al., 2020	right		fw016502	FBbt_00111763	
77338480338400431	720575940630731847	97392	54800	5568	97392.0	54800.0	5568.0	2099995.0	intrinsic	visual_projection				LPLC2	VPNd1	BLD6		acetylcholine	0.7928751958544853	acetylcholine	Davis et al., 2020	left		fw016624	FBbt_00111763	
77268111594229892	720575940620139678	96904	54136	5547	96904.0	54136.0	5547.0	2099729.0	intrinsic	visual_projection				LPLC2	VPNd1	BLD6		acetylcholine	0.7663272539285376	acetylcholine	Davis et al., 2020	left		fw016689	FBbt_00111763	
76915649397964404	720575940625477721	91344	45432	5518	91344.0	45432.0	5518.0	2089035.0	intrinsic	visual_projection				LPLC2	VPNd1	BLD6		acetylcholine	0.5516676259465857	acetylcholine	Davis et al., 2020	left		fw016766	FBbt_00111763	
82193854899639556	720575940630719831	168800	53144	4743	168800.0	53144.0	4743.0	7092796.0	intrinsic	visual_projection				LPLC2	VPNd1	BLD6		acetylcholine	0.728353448261154	acetylcholine	Davis et al., 2020	right		fw016768	FBbt_00111763	
76986155581190313	720575940627368254	92440	46744	5588	92440.0	46744.0	5588.0	2089798.0	intrinsic	visual_projection				LPLC2	VPNd1	BLD6		acetylcholine	0.42514848758904544	acetylcholine	Davis et al., 2020	left		fw016964	FBbt_00111763	
82264429735378632	720575940610681829	169717	56036	4418	170328.0	50968.0	4930.0	7093015.0	intrinsic	visual_projection				LPLC2	VPNd1	BLD6		acetylcholine	0.6650135034428236	acetylcholine	Davis et al., 2020	right		fw017002	FBbt_00111763	
76494673815942592	720575940626375172	85406	63997	4681	85472.0	43440.0	5288.0	1823277.0	intrinsic	visual_projection				LPLC2	VPNd1	BLD6		acetylcholine	0.5100308062797413	acetylcholine	Davis et al., 2020	left		fw017063	FBbt_00111763	
82615655047982602	720575940639177449	174848	47200	4826	174848.0	47200.0	4826.0	7379989.0	intrinsic	visual_projection				LPLC2	VPNd1	BLD6		acetylcholine	0.6844721661582648	acetylcholine	Davis et al., 2020	right		fw017293	FBbt_00111763	
77267974221919205	720575940622312072	96864	52272	5746	96864.0	52272.0	5746.0	2099726.0	intrinsic	visual_projection				LPLC2	VPNd1	BLD6		acetylcholine	0.5536611688484111	acetylcholine	Davis et al., 2020	left		fw017425	FBbt_00111763	
77268111594055446	720575940628921303	97152	54456	5422	97152.0	54456.0	5422.0	2099855.0	intrinsic	visual_projection				LPLC2	VPNd1	BLD6		acetylcholine	0.5143002307656895	acetylcholine	Davis et al., 2020	left		fw017460	FBbt_00111763	
82826623841364054	720575940620887834	177408	45192	4702	177408.0	45192.0	4702.0	7380817.0	intrinsic	visual_projection				LPLC2	VPNd1	BLD6		acetylcholine	0.41962600963768637	acetylcholine	Davis et al., 2020	right		fw017605	FBbt_00111763	
77408986521395163	720575940606126438	99240	56208	5483	99240.0	56208.0	5483.0	2482552.0	intrinsic	visual_projection				LPLC2	VPNd1	BLD6		acetylcholine	0.638731342365785	acetylcholine	Davis et al., 2020	left		fw017689	FBbt_00111763	
82685817566664016	720575940623333770	175272	44224	4370	175272.0	44224.0	4370.0	7380083.0	intrinsic	visual_projection				LPLC2	VPNd1	BLD6		acetylcholine	0.5444366596713771	acetylcholine	Davis et al., 2020	right		fw018090	FBbt_00111763	outlier_bio
76352493218923367	720575940623827348	83168	41992	4946	83168.0	41992.0	4946.0	1818191.0	intrinsic	visual_projection				LPLC2	VPNd1	BLD6		acetylcholine	0.47260460844708724	acetylcholine	Davis et al., 2020	left		fw018418	FBbt_00111763	
82264017485869517	720575940611352234	169368	50696	5059	169368.0	50696.0	5059.0	7092882.0	intrinsic	visual_projection				LPLC2	VPNd1	BLD6		acetylcholine	0.61428916039134	acetylcholine	Davis et al., 2020	right		fw018607	FBbt_00111763	
76776561109498099	720575940616083345	89956	69786	4672	91152.0	46320.0	5531.0	2088963.0	intrinsic	visual_projection				LPLC2	VPNd1	BLD6		acetylcholine	0.6184414709307385	acetylcholine	Davis et al., 2020	left		fw018807	FBbt_00111763	
76282742949935836	720575940619750822	82819	51186	4905	87272.0	44592.0	4980.0	1821520.0	intrinsic	visual_projection				LPLC2	VPNd1	BLD6		acetylcholine	0.5044125332248924	acetylcholine	Davis et al., 2020	left		fw038152	FBbt_00111763	
77198911013476551	720575940608088259	95323	71488	4647	87784.0	44064.0	5561.0	1823884.0	intrinsic	visual_projection				LPLC2	VPNd1	BLD6		acetylcholine	0.6855157783898624	acetylcholine	Davis et al., 2020	left		fw038153	FBbt_00111763	
77127855141911222	720575940619900993	94710	61081	5348	82992.0	42808.0	5047.0	1818009.0	intrinsic	visual_projection				LPLC2	VPNd1	BLD6		acetylcholine	0.4779815685179615	acetylcholine	Davis et al., 2020	left		fw038670	FBbt_00111763	
76916405312119696	720575940628976956	91680	56518	5489	88784.0	45256.0	4926.0	1822029.0	intrinsic	visual_projection				LPLC2	VPNd1	BLD6		acetylcholine	0.5352568888919078	acetylcholine	Davis et al., 2020	left		fw038672	FBbt_00111763	
76846380165515208	720575940621914904	90687	61056	5611	85176.0	43520.0	5193.0	1823229.0	intrinsic	visual_projection				LPLC2	VPNd1	BLD6		acetylcholine	0.4518207073339974	acetylcholine	Davis et al., 2020	left		fw038675	FBbt_00111763	
76846311445593676	720575940622156799	90752	60672	5287	84632.0	42712.0	5509.0	1823072.0	intrinsic	visual_projection				LPLC2	VPNd1	BLD6		acetylcholine	0.4021796761931268	acetylcholine	Davis et al., 2020	left		fw038676	FBbt_00111763	
82334729760076557	720575940636999401	169918	55137	4418	173432.0	47984.0	5094.0	7379503.0	intrinsic	visual_projection				LPLC2	VPNd1	BLD6		acetylcholine	0.46735955095855247	acetylcholine	Davis et al., 2020	right		fw039672	FBbt_00111763	
76142349058783085	720575940624531652	80297	56591	4737	83648.0	42152.0	4876.0	1818874.0	intrinsic	visual_projection				LPLC2	VPNd1	BLD6		acetylcholine	0.5076297796257929	acetylcholine	Davis et al., 2020	left		fw039760	FBbt_00111763	
81913479367438395	720575940616491993	164152	69565	4230	169360.0	51568.0	5044.0	7092884.0	intrinsic	visual_projection				LPLC2	VPNd1	BLD6		acetylcholine	0.7510901997770381	acetylcholine	Davis et al., 2020	right		fw045059	FBbt_00111763	
77268042941280790	720575940632009167	97144	53640	5673	97144.0	53640.0	5673.0	2099857.0	intrinsic	visual_projection				LPLC2	VPNd1	BLD6		acetylcholine	0.5585812509589032	acetylcholine	Davis et al., 2020	left		fw050143	FBbt_00111763	
81560055165744734	720575940632499757	158752	46432	4776	158752.0	46432.0	4776.0	6824502.0	efferent	descending			DNp01	Giant Fiber	putative_primary	putative_primary		glutamate	0.26569821946215116			right	CV	fw036980	FBbt_00047634, FBbt_00004020	
78183248597293996	720575940622838154	110241	59613	3393	110952.0	50688.0	5282.0	3079162.0	efferent	descending			DNp01	Giant Fiber	putative_primary	putative_primary		acetylcholine	0.3171494291445193			left	CV	fw036981	FBbt_00047634, FBbt_00004020	
